ts,low,high,open,close,volume,close_pc,ema12,ema26,rsi14,macd,signal,obv,obv_pc
2020-03-09,5815.79,6264.09,6145.87,6073.62,1392.75281824,0.0,6073.62,6073.62,50.0,0.0,0.0,1392.75281824,0.0
2020-03-10,5984.0,6284.95,6073.0,6115.84,956.57016731,0.7,6080.115384615385,6076.747407407407,50.0,3.367977207977674,0.6735954415955349,2349.32298555,68.68
2020-03-11,5900.12,6229.99,6120.1,6200.02,749.0770678,1.38,6098.5622485207095,6085.878710562413,50.0,12.683537958296256,3.075583944935679,3098.40005335,31.88
2020-03-12,3857.12,6189.25,6188.13,3968.4,3365.90922553,-35.99,5770.844979517523,5929.028435705938,50.0,-158.18345618841522,-29.176224081734503,-267.5091721800004,-108.63
2020-03-13,3300.0,5050.0,3968.41,4689.15,5820.99151814,18.16,5604.430367284058,5837.185588616609,50.0,-232.75522133255072,-69.89202353189775,5553.482345959999,-2176.0
2020-03-14,4114.23,4683.74,4635.05,4222.33,2055.35462784,-9.96,5391.799541548049,5717.56665612649,50.0,-325.76711457844067,-121.06704174120634,3498.1277181199994,-37.01
2020-03-15,4171.01,4849.0,4250.16,4337.96,2043.61069635,2.74,5229.670381309888,5615.373570487491,50.0,-385.7031891776023,-173.99427122848556,5541.738414469999,58.42
2020-03-16,3720.0,4371.0,4338.06,4124.33,3763.62101758,-4.92,5059.618014954521,5504.925898599528,50.0,-445.3078836450077,-228.25699371179002,1778.1173968899989,-67.91
2020-03-17,4046.75,4625.99,4118.96,4434.22,2017.29110897,7.51,4963.402935730748,5425.614350555119,50.0,-462.2114148243709,-275.0478779343062,3795.408505859999,113.45
2020-03-18,4204.32,4672.9,4436.85,4647.73,1599.6367226,4.82,4914.837868695248,5367.993287551036,50.0,-453.1554188557875,-310.66938611860246,5395.045228459999,42.15
2020-03-19,4571.0,5650.0,4647.73,5401.55,3444.07181045,16.22,4989.716658126748,5370.478969954663,50.0,-380.76231182791435,-324.68797126046485,8839.117038909999,63.84
2020-03-20,4860.0,5994.66,5401.55,5355.35,3091.91233214,-0.86,5045.967941491865,5369.358305513577,50.0,-323.39036402171223,-324.42844981271435,5747.204706769999,-34.98
2020-03-21,5076.0,5598.69,5358.1,5344.95,1051.71764944,-0.19,5091.965181262347,5367.550282882942,50.0,-275.5851016205952,-314.6597801742905,4695.487057329999,-18.3
2020-03-22,4985.0,5530.37,5358.99,5036.13,1037.5887945,-5.78,5083.375153375832,5343.000632299021,50.0,-259.6254789231889,-303.6529199240702,3657.8982628299987,-22.1
2020-03-23,4930.99,5700.0,5030.69,5623.57,1532.47489331,11.66,5166.482052856473,5363.783548425019,53.640370745649705,-197.30149556854576,-282.3826350529653,5190.373156139998,41.89
2020-03-24,5514.78,5908.0,5605.07,5747.66,1415.19967821,2.21,5255.894044724708,5392.218841134278,55.28246420613892,-136.3247964095699,-253.17106732428624,6605.572834349998,27.27
2020-03-25,5461.02,5870.93,5753.5,5668.66,1337.81698896,-1.37,5319.396499382445,5412.69596401322,53.97177533665687,-93.29946463077522,-221.19674678558405,5267.755845389998,-20.25
2020-03-26,5466.14,5748.29,5673.0,5563.51,827.76429164,-1.85,5356.952422554376,5423.867374086314,52.19786435798922,-66.91495153193773,-190.3403877348548,4439.991553749998,-15.71
2020-03-27,5051.01,5649.0,5554.05,5131.32,963.88349125,-7.77,5322.239742161396,5402.197198228069,45.56839230001194,-79.95745606667333,-168.2638014012185,3476.108062499998,-21.71
2020-03-28,4862.01,5300.0,5125.05,5038.33,1443.98939882,-1.81,5278.5613202904115,5375.244072433397,44.26570606840486,-96.68275214298592,-153.947591549572,2032.1186636799982,-41.54
2020-03-29,4730.0,5060.71,5038.02,4738.21,902.27885711,-5.96,5195.4303479380405,5328.056363364257,40.26491160977954,-132.62601542621633,-149.68327632490087,1129.8398065699982,-44.4
2020-03-30,4712.0,5341.0,4733.52,5169.66,1066.0782522,9.11,5191.465679024496,5316.32329941135,47.59740761913802,-124.85762038685334,-144.71814513729137,2195.9180587699984,94.36
2020-03-31,5144.09,5298.0,5170.29,5195.13,586.49767354,0.49,5192.029420713035,5307.346017973472,48.00317979650228,-115.31659726043745,-138.8378355619206,2782.4157323099985,26.71
2020-04-01,4975.0,5396.45,5196.6,5370.62,948.47392382,3.38,5219.504894449491,5312.032979605066,50.82839779945006,-92.52808515557535,-129.57588548065155,3730.8896561299985,34.09
2020-04-02,5245.55,5850.0,5369.0,5502.43,1791.98765458,2.45,5263.031833764954,5326.136462597284,52.8984945191754,-63.10462883232958,-116.28163415098716,5522.877310709999,48.03
2020-04-03,5426.71,5749.0,5494.14,5500.99,1004.05530761,-0.03,5299.6407824165,5339.088576478966,52.87230645785164,-39.44779406246653,-100.91486613328304,4518.822003099998,-18.18
2020-04-04,5452.0,5691.72,5494.39,5597.99,805.70110687,1.76,5345.54066204473,5358.266459702747,54.506136156089376,-12.725797658016745,-83.27705243822979,5324.523109969999,17.83
2020-04-05,5469.0,5616.17,5597.99,5563.7,651.52863133,-0.61,5379.103637114771,5373.483758984025,53.79613007309626,5.619878130745747,-65.49766632443469,4672.994478639998,-12.24
2020-04-06,5550.7,6010.0,5557.26,6009.31,1674.41312076,8.01,5476.058462174037,5420.581999059283,60.920379790547024,55.47646311475455,-41.30284043659684,6347.407599399999,35.83
2020-04-07,5732.0,6090.0,6008.24,5848.0,1424.82094953,-2.68,5533.280237224185,5452.242591721558,57.466054682686995,81.03764550262713,-16.834743248752048,4922.586649869999,-22.45
2020-04-08,5806.58,6030.0,5849.97,5933.66,717.5469138,1.46,5594.8771238050795,5487.903140482924,58.80196877687189,106.97398332215562,7.9270020654294875,5640.133563669999,14.58
2020-04-09,5755.93,5958.0,5933.01,5855.19,747.08217425,-1.32,5634.925258604298,5515.109574521226,57.03474070808364,119.81568408307157,30.304738468957908,4893.0513894199985,-13.25
2020-04-10,5418.63,5870.0,5855.19,5523.55,1294.12785412,-5.66,5617.790603434405,5515.734791223357,50.17182632273862,102.05581221104785,44.654953217375905,3598.9235352999985,-26.45
2020-04-11,5450.0,5597.36,5517.69,5534.95,557.33711246,0.21,5605.045895213727,5517.158140021627,50.392797928002956,87.88775519209958,53.30151361232065,4156.260647759998,15.49
2020-04-12,5468.0,5800.96,5538.06,5550.0,767.8790098,0.27,5596.577295950077,5519.590870390396,50.70360649486197,76.98642555968127,58.03849600179278,4924.139657559998,18.48
2020-04-13,5303.0,5555.0,5555.0,5488.32,1144.44643865,-1.11,5579.922327342372,5517.274509620737,49.33923325541505,62.647817721634965,58.96036034576122,3779.6932189099984,-23.24
2020-04-14,5405.0,5550.0,5492.34,5452.15,524.54971176,-0.66,5560.265046212777,5512.450471871053,48.514796430989854,47.81457434172353,56.73120314495368,3255.143507149998,-13.88
2020-04-15,5288.66,5521.94,5452.15,5299.33,641.11696753,-2.8,5520.121192949273,5496.663770250975,45.08687036750742,23.457422698297705,50.07644705562249,2614.0265396199984,-19.7
2020-04-16,5187.4,5769.0,5299.33,5683.68,1096.1421753,7.25,5545.284086341692,5510.516824306458,53.907828747267935,34.767262035234126,47.01461005154482,3710.1687149199984,41.93
2020-04-17,5615.0,5748.99,5686.41,5639.08,572.75609487,-0.78,5559.714226904509,5520.040022505979,52.846982538443,39.67420439852958,45.546528920941775,3137.4126200499986,-15.44
2020-04-18,5635.78,5849.0,5639.08,5818.47,614.88186478,3.18,5599.522807380738,5542.145946764796,56.55064953542594,57.37686061594286,47.912595259941995,3752.2944848299985,19.6
2020-04-19,5671.0,5828.0,5821.0,5722.65,403.01360171,-1.65,5618.465452399087,5555.51661737481,54.10603294651138,62.94883502427638,50.91984321280887,3349.2808831199986,-10.74
2020-04-20,5460.01,5799.0,5722.65,5511.6,1112.44353499,-3.69,5602.024613568457,5552.263534606305,49.07405240915422,49.76107896215217,50.688090362677535,2236.8373481299986,-33.21
2020-04-21,5501.07,5670.99,5511.59,5586.39,616.84290661,1.36,5599.619288404079,5554.791420931764,50.81958634820454,44.82786747231512,49.516045784605055,2853.6802547399984,27.58
2020-04-22,5574.0,5822.0,5581.06,5789.76,749.05816487,3.64,5628.871705572682,5572.196500862745,55.30569141331416,56.675204709937134,50.947877569671476,3602.7384196099983,26.25
2020-04-23,5706.01,6250.0,5790.45,6061.0,1653.35563499,4.68,5695.352981638423,5608.4041674655045,60.483091800851966,86.9488141729189,58.14806489032097,5256.094054599998,45.89
2020-04-24,6000.0,6194.64,6063.33,6080.0,856.46591652,0.31,5754.529446001743,5643.33719209769,60.82542449380246,111.19225390405336,68.75690269306745,6112.559971119998,16.29
2020-04-25,6035.0,6232.66,6076.37,6120.7,552.21728074,0.67,5810.86337738609,5678.697400090453,61.592965670575346,132.16597729563728,81.43871761358142,6664.777251859999,9.03
2020-04-26,6097.0,6248.0,6120.06,6235.0,757.18740053,1.87,5876.115165480538,5719.905000083753,63.74150665674794,156.21016539678476,96.39300717022209,7421.964652389998,11.36
2020-04-27,6159.0,6307.77,6234.13,6279.0,806.65425833,0.71,5938.097447714302,5761.319444521994,64.56332709652585,176.77800319230755,112.47000637463918,8228.618910719999,10.87
2020-04-28,6190.0,6280.0,6278.26,6258.32,920.46481148,-0.33,5987.362455758255,5798.134300483328,63.8310395583901,189.2281552749273,127.82163615469682,7308.154099239999,-11.19
2020-04-29,6210.0,7240.0,6254.14,7069.87,3315.26740001,12.97,6153.902077949293,5892.33694489197,75.55063748029256,261.5651330573228,154.57033553522203,10623.421499249998,45.36
2020-04-30,6688.0,7609.98,7059.11,6874.64,4163.37794504,-2.76,6264.784835187864,5965.100134159232,69.69972370958364,299.68470102863193,183.593208633904,6460.043554209999,-39.19
2020-05-01,6873.77,7250.0,6874.34,7077.56,1378.26920235,2.95,6389.8271682358845,6047.504568665956,72.11680411130719,342.32259956992857,215.33908682110894,7838.312756559999,21.34
2020-05-02,7028.73,7220.0,7071.27,7193.03,1002.58004022,1.63,6513.396834661133,6132.35830432033,73.4163400000048,381.03853034080294,248.47897552504776,8840.89279678,12.79
2020-05-03,7013.64,7369.38,7200.0,7169.94,1578.06594028,-0.32,6614.403475482497,6209.216207704009,72.68681393825888,405.1872677784877,279.82063397573575,7262.826856499999,-17.85
2020-05-04,6870.02,7210.99,7169.94,7149.22,1236.62559895,-0.29,6696.682940792882,6278.846118244453,71.99545487131903,417.83682254842915,307.42387169027444,6026.201257549999,-17.03
2020-05-05,7074.01,7325.0,7145.0,7272.79,1176.4650768,1.73,6785.314796055515,6352.471590967086,73.60770760814363,432.8432050884294,332.50773836990544,7202.6663343499995,19.52
2020-05-06,7190.0,7649.94,7268.57,7458.13,1915.96311789,2.55,6888.82482743159,6434.372213858413,75.85316874261474,454.4526135731776,356.89671341055987,9118.629452239998,26.6
2020-05-07,7351.0,8150.0,7450.3,8107.82,2870.76673885,8.71,7076.362546288268,6558.33130912816,81.72330108787412,518.0312371601085,389.1236181604696,11989.396191089998,31.48
2020-05-08,7886.0,8123.0,8095.14,7927.35,1635.23342639,-2.23,7207.283693013151,6659.740101044592,76.18304794115691,547.5435919685588,420.8076129220875,10354.162764699999,-13.64
2020-05-09,7690.0,8016.12,7918.03,7704.97,1518.4062688,-2.81,7283.850817164974,6737.164538004252,69.89514128304317,546.6862791607218,445.9833461698144,8835.7564959,-14.66
2020-05-10,6608.0,7731.99,7704.53,7054.0,3986.08957465,-8.45,7248.489152985747,6760.633831485418,55.46378423236284,487.8553215003285,454.3577412359173,4849.666921249999,-45.11
2020-05-11,6672.01,7538.65,7050.0,6970.13,2970.55444337,-1.19,7205.664667911016,6776.152066190202,53.91912262136472,429.512601720814,449.3887133328966,1879.112477879999,-61.25
2020-05-12,6944.02,7329.45,6964.0,7210.0,1143.58095157,3.44,7206.331642078552,6808.288950176113,57.55959199258793,398.0426919024394,439.1195090468052,3022.693429449999,60.86
2020-05-13,7201.17,7699.73,7202.85,7630.0,1523.2800606,5.83,7271.511389451083,6869.156435348253,63.06216835511722,402.35495410283056,431.7665980580103,4545.973490049999,50.39
2020-05-14,7523.0,8150.0,7626.87,7988.49,2556.65553978,4.7,7381.815791073994,6952.070032729864,66.99559353371468,429.7457583441301,431.36243011523425,7102.629029829999,56.24
2020-05-15,7550.0,8028.75,7981.69,7689.49,1722.53265446,-3.74,7429.150284754918,7006.693734009134,61.14697496601402,422.4565507457846,429.58125424134437,5380.096375369999,-24.25
2020-05-16,7617.29,7893.01,7695.99,7759.88,801.20897956,0.92,7480.031779408007,7062.485309267717,61.98827157366578,417.5464701402907,427.17429742113364,6181.305354929998,14.89
2020-05-17,7716.0,8099.97,7759.88,7984.62,1406.04836909,2.9,7557.66073642216,7130.791582655293,64.62222962035958,426.8691537668674,427.1132686902804,7587.3537240199985,22.75
2020-05-18,7838.0,8120.0,7984.62,7989.77,1311.73670342,0.06,7624.139084664905,7194.419613569715,64.68262326086412,429.7194710951899,427.6345091712623,8899.090427439998,17.29
2020-05-19,7779.01,8080.5,7989.77,7996.03,1292.22625138,0.08,7681.353071639535,7253.7981607126985,64.76136981455633,427.5549109268368,427.61858952237725,10191.316678819998,14.52
2020-05-20,7657.06,8034.0,7987.95,7794.61,1515.27278141,-2.52,7698.777214464222,7293.858296956203,60.116736268039226,404.91891750801915,423.0786551195057,8676.043897409998,-14.87
2020-05-21,7201.0,7851.52,7786.48,7432.68,2070.71617002,-4.64,7657.839181469726,7304.141386070559,52.79024879032738,353.69779539916726,409.20248317543803,6605.3277273899985,-23.87
2020-05-22,7333.0,7641.99,7424.64,7558.59,1076.79099424,1.69,7642.57007662823,7322.989431546814,54.85165044469419,319.58064508141615,391.2781155566337,7682.118721629999,16.3
2020-05-23,7493.58,7674.0,7549.56,7557.94,519.17473246,-0.01,7629.550064839272,7340.393177358161,54.83833814734052,289.15688748111097,370.8538699415292,7162.9439891699985,-6.76
2020-05-24,7151.01,7663.0,7555.2,7174.0,889.99356194,-5.08,7559.465439479383,7328.067756813112,47.5044791167716,231.39768266627107,342.96263248647756,6272.950427229998,-12.42
2020-05-25,7114.5,7380.0,7172.41,7309.56,974.49063431,1.89,7521.018448790247,7326.696811863993,50.04476259062665,194.32163692625363,313.2344333744328,7247.441061539998,15.53
2020-05-26,7070.0,7364.0,7310.54,7190.42,851.39280242,-1.63,7470.157148976363,7316.602233207401,47.85306605215904,153.55491576896202,281.29852985333866,6396.048259119998,-11.75
2020-05-27,7168.86,7568.0,7183.9,7520.0,978.26269992,4.58,7477.825279903076,7331.6687344512975,53.871445564777204,146.15654545177858,254.27013297302668,7374.310959039998,15.29
2020-05-28,7439.46,7814.0,7513.75,7773.17,973.27510446,3.37,7523.2629291487565,7364.372531899349,57.89170875523031,158.89039724940721,235.1941858283028,8347.586063499999,13.2
2020-05-29,7542.44,7799.31,7781.33,7650.14,888.76749552,-1.58,7542.782478510487,7385.540492499397,55.36640051241629,157.24198601108947,219.60374586486017,7458.818567979999,-10.65
2020-05-30,7566.0,7869.89,7646.14,7843.41,812.79532147,2.53,7589.03286643195,7419.456752314256,58.43384022857133,169.5761141176945,209.59821951542705,8271.613889449998,10.9
2020-05-31,7620.0,7842.97,7842.97,7664.57,655.66607171,-2.28,7600.653963903958,7437.613289179866,54.68846966367608,163.04067472409224,200.28671055716012,7615.947817739998,-7.93
2020-06-01,7619.73,8300.0,7663.58,8163.56,1688.35529624,6.51,7687.254892534118,7491.387119610988,62.005897083747996,195.86777292313036,199.4029230303542,9304.303113979997,22.17
2020-06-02,7440.0,8180.0,8171.26,7591.41,2567.13549693,-7.01,7672.509524451946,7498.796221862026,51.6968896811093,173.7133025899202,194.2649989422674,6737.167617049997,-27.59
2020-06-03,7489.26,7700.0,7589.46,7700.0,848.80083685,1.43,7676.738828382416,7513.700205427802,53.28437824010947,163.03862295461386,188.0197237447367,7585.968453899997,12.6
2020-06-04,7565.0,7849.99,7700.0,7767.14,1001.60538068,0.87,7690.646700938967,7532.473523544261,54.28477563054273,158.17317739470582,182.05041447473053,8587.573834579998,13.2
2020-06-05,7613.45,7824.0,7767.6,7620.0,893.81767726,-1.89,7679.777977717587,7538.956966244687,51.67315841588951,140.82101147290086,173.8045338743646,7693.756157319998,-10.41
2020-06-06,7556.0,7704.98,7618.0,7655.78,489.0664166,0.47,7676.08598114565,7547.610524300635,52.27443846014855,128.4754568450153,164.73871846849474,8182.822573919998,6.36
2020-06-07,7420.0,7750.0,7655.58,7676.69,805.0899899,0.27,7676.178907123242,7557.171966945033,52.645247513296184,119.00694017820933,155.59236281043766,8987.912563819998,9.84
2020-06-08,7610.0,7735.25,7680.0,7703.09,670.15945038,0.34,7680.319075258128,7567.98071013429,53.14027982827212,112.33836512383732,146.9415632731176,9658.0720142,7.46
2020-06-09,7525.0,7750.0,7696.29,7705.82,779.47343182,0.04,7684.242294449185,7578.19102790212,53.19476869536096,106.05126654706419,138.76350392790692,10437.54544602,8.07
2020-06-10,7627.0,7820.0,7705.61,7784.96,958.53455743,1.03,7699.737326072387,7593.507248057519,54.83435538031423,106.23007801486801,132.25681874529914,11396.080003449999,9.18
2020-06-11,7200.67,7820.0,7784.96,7378.15,1892.71601155,-5.23,7650.262352830481,7577.554859312518,45.92803851111302,72.70749351796348,120.34695369983201,9503.363991899998,-16.61
2020-06-12,7356.03,7591.0,7379.36,7566.99,812.96573057,2.56,7637.451221625792,7576.77227714122,49.988732968377526,60.67894448457173,108.41335185677997,10316.329722469998,8.55
2020-06-13,7477.0,7586.0,7562.31,7573.0,436.31199294,0.08,7627.535649067977,7576.492849204833,50.11712699256004,51.042799863143955,96.93924145805278,10752.641715409998,4.23
2020-06-14,7410.0,7570.06,7567.63,7470.8,486.7054877,-1.35,7603.422472288288,7568.663749263734,47.866667237062494,34.758723024554456,84.50313777135311,10265.936227709999,-4.53
2020-06-15,7150.0,7543.0,7474.29,7479.51,1508.1241107,0.12,7584.359015013168,7562.05976783679,48.08064385795682,22.29924717637732,72.06235965235796,11774.06033841,14.69
2020-06-16,7432.0,7676.0,7479.45,7579.34,911.83045401,1.33,7583.586858857296,7563.339785034065,50.58412829482709,20.247073823230494,61.69930248653247,12685.89079242,7.74
2020-06-17,7374.0,7629.14,7583.03,7549.98,702.95504603,-0.39,7578.41657287925,7562.350171327838,49.82322908615853,16.066401551412127,52.572722299508406,11982.93574639,-5.54
2020-06-18,7473.77,7600.0,7545.72,7553.7,568.44205935,0.05,7574.6140232055195,7561.709417896147,49.92600625847433,12.904605309372528,44.63909890148123,12551.37780574,4.74
2020-06-19,7436.32,7607.89,7553.71,7550.27,621.03611809,-0.05,7570.868788866209,7560.862053607544,49.824667814598364,10.006735258664776,37.71262617291794,11930.34168765,-4.95
2020-06-20,7452.42,7601.9,7547.45,7578.93,505.49093563,0.38,7572.108975194485,7562.200420006985,50.724670266842885,9.908555187499587,32.15181197583428,12435.83262328,4.24
2020-06-21,7528.0,7620.0,7582.76,7533.97,314.9475103,-0.59,7566.241440549179,7560.109277784245,49.23276094459987,6.132162764934037,26.947882133654232,12120.885112979999,-2.53
2020-06-22,7524.0,7847.0,7533.97,7754.1,902.33853609,2.92,7595.142757387767,7574.478960911338,56.04879288474807,20.663796476429525,25.691065002209292,13023.223649069998,7.44
2020-06-23,7671.9,7780.0,7750.01,7699.99,707.7742446,-0.7,7611.273102405034,7583.776074917905,54.12512554259669,27.497027487128435,26.05225749919312,12315.449404469999,-5.43
2020-06-24,7419.0,7733.16,7700.0,7496.22,1137.78458532,-2.65,7593.572625111951,7577.290439738801,47.51189776756616,16.28218537315024,24.09824307398455,11177.664819149999,-9.24
2020-06-25,7259.0,7524.0,7480.2,7455.93,950.10683253,-0.54,7572.39683663319,7568.300777535927,46.30712785010582,4.096059097262696,20.09780627864018,10227.557986619999,-8.5
2020-06-26,7333.0,7498.0,7452.0,7442.92,720.8936077,-0.17,7552.477323305007,7559.013312533266,45.902364199638185,-6.535989228258586,14.771047177260428,9506.664378919999,-7.05
2020-06-27,7182.0,7472.69,7443.9,7322.15,815.76976771,-1.62,7517.042350488852,7541.467881975246,42.213665548115905,-24.425531486393993,6.931731444529543,8690.894611209998,-8.58
2020-06-28,7261.78,7459.51,7319.34,7403.77,442.84752318,1.11,7499.615835029028,7531.268038865968,45.40667271942328,-31.652203836940316,-0.7850556117644292,9133.742134389999,5.1
2020-06-29,7334.06,7512.0,7402.75,7476.05,691.20947251,0.98,7495.990321947639,7527.177813764785,48.13953287165388,-31.18749181714611,-6.865542852840766,9824.951606899998,7.57
2020-06-30,7364.0,7488.6,7472.25,7377.84,782.78014434,-1.31,7477.813349340309,7516.115753485912,44.85403202343607,-38.30240414560285,-13.152915111393183,9042.171462559998,-7.97
2020-07-01,7349.0,7465.36,7379.94,7426.75,795.48058972,0.66,7469.9574494418,7509.496068042511,46.80130711524633,-39.538618600710834,-18.430055809256714,9837.652052279998,8.8
2020-07-02,7204.43,7440.14,7425.89,7306.41,1085.18091014,-1.62,7444.796303373831,7494.452655594918,42.79702934092676,-49.65635222108722,-24.675315091622817,8752.471142139999,-11.03
2020-07-03,7265.0,7349.6,7306.11,7277.36,594.05818215,-0.4,7419.036872085549,7478.371718143442,41.86582145770769,-59.33484605789363,-31.60722128487698,8158.412959989999,-6.79
2020-07-04,7267.31,7377.33,7274.86,7346.06,422.18076787,0.94,7407.809660995464,7468.570850132817,44.91818691577355,-60.76118913735354,-37.438014855372295,8580.59372786,5.17
2020-07-05,7178.78,7352.38,7341.47,7296.54,547.65316219,-0.67,7390.691251611546,7455.827824197053,43.159105238819535,-65.13657258550666,-42.97772640139917,8032.940565669999,-6.38
2020-07-06,7269.96,7533.89,7293.29,7495.97,930.48191647,2.73,7406.887982132846,7458.801318700975,51.41169200736726,-51.913336568128216,-44.764848434744984,8963.422482139998,11.58
2020-07-07,7362.61,7514.28,7496.27,7392.21,620.99074371,-1.38,7404.629831035486,7453.868628426829,47.54402318392919,-49.238797391342814,-45.65963822606455,8342.43173843,-6.93
2020-07-08,7365.0,7532.17,7392.23,7499.13,861.83474176,1.45,7419.168318568489,7457.221322617434,51.58581275066265,-38.053004048945695,-44.13831139064078,9204.26648019,10.33
2020-07-09,7295.0,7500.0,7500.0,7349.83,782.82941468,-1.99,7408.500884942568,7449.266409830958,46.22930624294884,-40.765524888390246,-43.463754090190676,8421.43706551,-8.51
2020-07-10,7264.73,7392.0,7349.77,7379.98,648.30034082,0.41,7404.113056489865,7444.134083176812,47.41674445991434,-40.02102668694715,-42.77520860954197,9069.73740633,7.7
2020-07-11,7302.0,7387.39,7380.0,7342.2,279.89522665,-0.51,7394.587970876039,7436.5834103489005,46.044589043989674,-41.99543947286111,-42.6192547822058,8789.84217968,-3.09
2020-07-12,7291.0,7419.0,7342.2,7377.0,391.57835429,0.47,7391.882129202802,7432.1698243971305,47.550215553304135,-40.28769519432808,-42.15294286463026,9181.42053397,4.45
2020-07-13,7325.0,7416.86,7386.75,7370.86,732.73001718,-0.08,7388.647955479294,7427.628355923269,47.29942457138922,-38.98040044397476,-41.518434380499166,8448.69051679,-7.98
2020-07-14,7278.0,7402.0,7368.98,7383.14,639.31465063,0.17,7387.800577713249,7424.332922151175,47.89137281538678,-36.53234443792553,-40.52121639198444,9088.00516742,7.57
2020-07-15,7300.0,7390.1,7384.58,7325.08,685.38868929,-0.79,7378.151258065057,7416.98085384368,45.30056416702852,-38.829595778623116,-40.18289226931218,8402.61647813,-7.54
2020-07-16,7222.67,7350.0,7322.45,7286.57,751.01754493,-0.53,7364.061833747356,7407.320790596,43.615187541181704,-43.25895684864372,-40.798105185178485,7651.598933199999,-8.94
2020-07-17,7243.83,7348.0,7286.57,7299.7,487.442209,0.18,7354.16001317084,7399.348880181482,44.37505671723819,-45.18886701064184,-41.67625755027116,8139.041142199999,6.37
2020-07-18,7268.76,7341.0,7297.73,7318.91,346.98323636,0.26,7348.73693422148,7393.390444612483,45.531617568660735,-44.65351039100369,-42.27170811841767,8486.02437856,4.26
2020-07-19,7271.78,7364.91,7318.91,7345.43,323.27082991,0.36,7348.228175110484,7389.837819085633,47.1648671245652,-41.60964397514908,-42.13929528976396,8809.29520847,3.81
2020-07-20,7250.02,7352.8,7346.97,7255.56,602.87927964,-1.22,7333.971532785794,7379.891313968179,42.51272552711474,-45.91978118238512,-42.89539246828819,8206.41592883,-6.84
2020-07-21,7250.0,7452.0,7254.38,7401.14,684.75759451,2.01,7344.305143126441,7381.465290711277,50.9523673691409,-37.16014758483561,-41.74834349159768,8891.17352334,8.34
2020-07-22,7338.08,7499.0,7398.43,7495.35,785.88459718,1.27,7367.5428134146805,7389.901195103033,55.50481812037424,-22.358381688352893,-37.87035113094873,9677.05812052,8.84
2020-07-23,7451.22,7598.0,7497.77,7572.23,877.98414943,1.03,7399.0331498124215,7403.407032502809,58.860546340409336,-4.3738826903872905,-31.171057442836442,10555.04226995,9.07
2020-07-24,7456.71,7575.06,7571.79,7484.61,581.34760391,-1.16,7412.1988190720485,7409.42206713223,53.87370874025703,2.776751939818496,-24.381495566305457,9973.694666039999,-5.51
2020-07-25,7473.75,7640.0,7489.71,7617.18,516.88408939,1.77,7443.734385368656,7424.8115436409535,59.468912240171626,18.92284172770269,-15.720628107503828,10490.578755429999,5.18
2020-07-26,7566.01,7850.0,7611.87,7776.76,846.63757646,2.1,7494.96909531194,7450.88179966755,64.97631760622107,44.08729564439,-3.759043357125064,11337.216331889998,8.07
2020-07-27,7765.9,8855.11,7780.34,8570.79,3085.54554063,10.21,7660.480003725487,7533.837962655139,79.73305220875761,126.64204107034857,22.321173528369663,14422.761872519997,27.22
2020-07-28,8191.12,8739.73,8571.52,8473.72,2084.76718394,-1.13,7785.593849306181,7603.458854310314,75.5426704033458,182.1349949958676,54.28393782186925,12337.994688579998,-14.45
2020-07-29,8401.06,8750.0,8470.0,8583.85,1147.67910031,1.3,7908.40248787446,7676.080420657698,77.01838075606713,232.32206721676266,89.89156370084794,13485.673788889999,9.3
2020-07-30,8350.0,8588.98,8575.6,8501.98,1084.34153054,-0.95,7999.722105124543,7737.258167275646,73.46940958080906,262.46393784889733,124.40603853045782,12401.33225835,-8.04
2020-07-31,8382.0,8746.29,8511.24,8698.81,990.04497383,2.32,8107.274088951537,7808.484228958931,76.29726810337442,298.78985999260567,159.2828028228874,13391.377232179999,7.98
2020-08-01,8612.0,9126.53,8698.86,9041.59,1345.92666077,3.94,8251.01499834361,7899.825397184196,80.24612904685297,351.18960115941354,197.6641624901926,14737.303892949998,10.05
2020-08-02,8177.0,9300.0,9044.22,8467.3,1868.09357141,-6.35,8284.289613983054,7941.860552948329,61.69981001633765,342.4290610347243,226.61714219909896,12869.210321539998,-12.68
2020-08-03,8377.48,8813.0,8467.46,8612.62,863.9455472,1.72,8334.801981062585,7991.54643791512,63.96908803975419,343.2555431474648,249.94482238877214,13733.15586874,6.71
2020-08-04,8518.44,8741.99,8613.2,8576.5,738.52600322,-0.42,8371.986291668341,8034.876331402889,62.97039905362861,337.1099602654522,267.3778499641081,12994.629865519999,-5.38
2020-08-05,8507.0,9000.0,8577.83,8965.03,938.20370421,4.53,8463.223785257827,8103.776603150824,68.6416050934166,359.44718210700375,285.79171639268725,13932.833569729999,7.22
2020-08-06,8840.17,9078.82,8968.87,8978.47,814.61521525,0.15,8542.4924336797,8168.568706621133,68.81950217879432,373.9237270585663,303.41811852586306,14747.448784979999,5.85
2020-08-07,8708.53,9090.0,8977.59,8911.89,914.93118708,-0.74,8599.322828498207,8223.629543167715,66.79784882867952,375.69328533049156,317.8731518867888,13832.5175979,-6.2
2020-08-08,8845.91,9052.2,8906.87,9014.46,423.77816531,1.15,8663.190085652328,8282.209577007145,68.34081411007435,380.98050864518336,330.4946232384677,14256.295763209999,3.06
2020-08-09,8855.01,9038.0,9015.11,8975.91,445.1468789,-0.43,8711.300841705815,8333.594793525133,67.07908600219326,377.70604818068205,339.93690822691053,13811.14888431,-3.12
2020-08-10,8830.0,9250.0,8970.19,9125.0,1008.79782406,1.66,8774.946866058766,8392.217401412161,69.4297644767798,382.72946464660527,348.4954195108495,14819.94670837,7.3
2020-08-11,8525.0,9148.99,9126.0,8752.68,1233.42550214,-4.08,8771.521194357418,8418.91833464089,58.244877130532394,352.60285971652775,349.3169075519852,13586.52120623,-8.32
2020-08-12,8586.0,8926.0,8750.0,8885.65,780.7285224,1.52,8789.079472148584,8453.491050593417,60.681059073222,335.58842155516686,346.57121035262156,14367.24972863,5.75
2020-08-13,8650.0,9029.88,8885.47,9025.0,838.76319285,1.57,8825.37493797188,8495.825046845757,63.11015555732661,329.549891126122,343.16694650732165,15206.01292148,5.84
2020-08-14,8928.95,9083.94,9029.9,9031.26,770.92338059,0.07,8857.049562899283,8535.486895227554,63.22008290349897,321.5626676717293,338.8460907402032,15976.93630207,5.07
2020-08-15,8981.0,9185.74,9031.2,9080.46,663.52471689,0.54,8891.420399376317,8575.855273358846,64.1249136051978,315.5651260174709,334.18989779565675,16640.46101896,4.15
2020-08-16,8964.0,9127.92,9083.52,9117.31,448.02635896,0.41,8926.172645626113,8615.96303088782,64.82294212661793,310.20961473829266,329.39384118418394,17088.48737792,2.69
2020-08-17,9010.0,9571.93,9112.77,9407.1,1352.371431,3.18,9000.161469375942,8674.565769340576,69.79945939885789,325.59570003536646,328.6342129544205,18440.85880892,7.91
2020-08-18,9000.0,9454.04,9407.1,9044.0,1157.2459536,-3.86,9006.905858702721,8701.93126790794,58.610948494788566,304.97459079478176,323.90228852249277,17283.61285532,-6.28
2020-08-19,8795.0,9084.0,9044.0,8984.97,1087.50908909,-0.65,9003.531111209995,8722.897099914759,57.010985290644044,280.63401129523663,315.2486330770416,16196.10376623,-6.29
2020-08-20,8941.0,9055.13,8987.06,8984.85,654.25312786,-0.0,9000.657094100765,8742.301018439592,57.00757840948289,258.35607566117324,303.8701215938679,15541.85063837,-4.04
2020-08-21,8800.0,9013.81,8980.99,8836.63,806.69254007,-1.65,8975.422156546801,8749.288350407029,52.80976689230096,226.1338061397728,288.3228585030489,14735.1580983,-5.19
2020-08-22,8720.0,8947.8,8835.65,8932.3,433.75587381,1.08,8968.787978616525,8762.844768895397,55.10759160061163,205.94320972112837,271.84692874666484,15168.91397211,2.94
2020-08-23,8828.0,8970.34,8934.97,8916.31,321.28655499,-0.18,8960.714443444753,8774.212563792033,54.628802969063315,186.50187965272016,254.77791892787593,14847.62741712,-2.12
2020-08-24,8875.33,9050.0,8918.94,9006.35,607.32820567,1.01,8967.735298299405,8791.407929437068,56.89963520456883,176.3273688623376,239.08780891476826,15454.95562279,4.09
2020-08-25,8493.71,9025.49,9003.28,8637.66,1065.05855619,-4.09,8916.95448317642,8780.01919392321,46.61204753456021,136.9352892532097,218.65730498245657,14389.897066599999,-6.89
2020-08-26,8583.65,8767.6,8636.91,8694.61,612.83280795,0.66,8882.747639610816,8773.692586965935,48.17086436678191,109.05505264488056,196.73685451494137,15002.72987455,4.26
2020-08-27,8460.0,8762.0,8694.14,8608.11,694.75241774,-0.99,8840.495695055306,8761.427210153644,45.975120105071014,79.06848490166158,173.2031805922854,14307.97745681,-4.63
2020-08-28,8576.23,8671.98,8608.11,8664.18,538.82407398,0.65,8813.370203508335,8754.223713105226,47.641163973230626,59.146490403109055,150.39184255445014,14846.80153079,3.77
2020-08-29,8584.42,8702.05,8660.51,8620.9,328.49649104,-0.5,8783.759402968592,8744.347882504839,46.45040595206964,39.41152046375282,128.19577813631068,14518.305039750001,-2.21
2020-08-30,8618.0,8784.0,8620.16,8783.04,348.11182781,1.88,8783.648725588808,8747.213965282259,51.35565551070579,36.434760306548924,109.84357457035834,14866.416867560001,2.4
2020-08-31,8698.01,8850.0,8783.7,8745.0,441.91862453,-0.43,8777.702767805915,8747.049967853944,50.1939623616967,30.652799951971247,94.00541964668092,14424.49824303,-2.97
2020-09-01,8660.0,9030.85,8740.36,8923.85,853.65057929,2.05,8800.186957374235,8760.14626653143,55.312250747883965,40.040690842804906,83.21247388590571,15278.148822320001,5.92
2020-09-02,8400.0,8943.87,8919.9,8566.87,1011.9687316,-4.0,8764.292040855122,8745.829506047621,45.304740734858285,18.46253480750056,70.26248607022468,14266.180090720001,-6.62
2020-09-03,7656.0,8646.0,8568.17,7760.06,1796.17052028,-9.42,8609.794803800489,8672.809542636685,31.453564783132734,-63.01473883619656,43.607041088940434,12470.009570440001,-12.59
2020-09-04,7511.65,8030.04,7760.07,7913.2,1552.05244758,1.97,8502.626372446568,8616.542169108043,35.485402493711035,-113.91579666147481,12.102473538857382,14022.06201802,12.45
2020-09-05,7451.0,7962.63,7943.4,7684.17,1192.47564887,-2.89,8376.710007454789,8547.477563988929,32.41462994120063,-170.76755653413966,-24.471532475742023,12829.58636915,-8.5
2020-09-06,7550.0,7839.9,7672.56,7763.72,658.2635641,1.04,8282.403852461744,8489.421448137897,34.53371365871571,-207.01759567615227,-60.98074511582408,13487.84993325,5.13
2020-09-07,7528.68,7929.73,7760.5,7905.16,950.61938474,1.82,8224.3663366984,8446.142822349904,38.24145332311701,-221.77648565150412,-93.1398932229601,14438.469317989999,7.05
2020-09-08,7620.02,7942.0,7910.0,7826.44,880.29736676,-1.0,8163.146900283262,8400.238909583244,36.98592774364435,-237.09200929998224,-121.93031643836453,13558.171951229999,-6.1
2020-09-09,7719.29,7986.71,7825.94,7874.65,693.44024349,0.62,8118.7627617781445,8361.306397762262,38.32148290348199,-242.54363598411783,-146.0529803475152,14251.612194719999,5.11
2020-09-10,7884.64,8139.98,7888.12,8094.64,823.22417099,2.79,8115.05156765843,8341.553331261355,44.13955581276516,-226.50176360292517,-162.1427369985972,15074.836365709998,5.78
2020-09-11,7980.0,8144.44,8094.52,8133.63,649.86860697,0.48,8117.909788018671,8326.151603019773,45.12750570126104,-208.2418150011017,-171.3625525990981,15724.704972679998,4.31
2020-09-12,8056.0,8231.48,8135.83,8174.44,346.72454433,0.5,8126.606743708106,8314.913706499789,46.200038397217064,-188.30696279168296,-174.7514346376151,16071.429517009998,2.2
2020-09-13,8005.92,8286.0,8179.65,8093.25,588.00731942,-0.99,8121.474936983782,8298.49417268499,44.34307938607741,-177.01923570120834,-175.20499485033375,15483.422197589998,-3.66
2020-09-14,8039.91,8431.36,8092.09,8325.29,856.32388418,2.87,8152.831100524739,8300.4790487824,50.47038989289191,-147.64794825766057,-169.69358553179913,16339.746081769998,5.53
2020-09-15,8267.58,8498.0,8325.63,8393.86,846.71044087,0.82,8189.912469674779,8307.39615628,52.14693950663941,-117.48368660522101,-159.2516057464835,17186.456522639997,5.18
2020-09-16,8294.01,8566.0,8393.48,8476.03,919.23167748,0.98,8233.930551263275,8319.887552111111,54.14982587552061,-85.95700084783675,-144.59268476675416,18105.688200119996,5.35
2020-09-17,8336.59,8552.0,8477.04,8444.68,726.84829183,-0.37,8266.353543376617,8329.131437139918,53.23434878775595,-62.77789376330111,-128.22972656606356,17378.839908289996,-4.01
2020-09-18,8384.75,8545.01,8444.68,8478.47,576.13842792,0.4,8298.986844395598,8340.193552907333,54.134411388407145,-41.20670851173418,-110.82512295519768,17954.978336209995,3.32
2020-09-19,8456.68,8648.0,8479.76,8592.58,322.17414424,1.35,8344.155022180892,8358.888845284568,57.13475656609652,-14.733823103675604,-91.60686298489328,18277.152480449997,1.79
2020-09-20,8355.19,8593.67,8593.67,8463.56,426.01305166,-1.5,8362.525018768447,8366.642264152377,52.91955408060707,-4.117245383929912,-74.10893946470061,17851.139428789997,-2.33
2020-09-21,8053.0,8496.0,8464.02,8142.74,946.80805767,-3.79,8328.711938957917,8350.0569112522,44.189343991568066,-21.34497229428416,-63.55614603061732,16904.331371119995,-5.3
2020-09-22,8102.0,8316.0,8149.86,8282.65,656.02723422,1.72,8321.625486810544,8345.063806715001,48.20252813483833,-23.438319904456876,-55.53258080538523,17560.358605339996,3.88
2020-09-23,7980.0,8291.81,8284.0,8059.81,631.41144143,-2.69,8281.346181147383,8323.933895106482,42.91003931460954,-42.58771395909935,-52.943607436128055,16928.947163909997,-3.6
2020-09-24,8033.11,8468.73,8063.68,8426.99,634.91930906,4.56,8303.752922509324,8331.567680654149,52.21926411356135,-27.814758144824737,-47.917837577867395,17563.866472969996,3.75
2020-09-25,8294.46,8460.0,8424.45,8402.55,529.73656812,-0.29,8318.952472892504,8336.825630235322,51.61594851532936,-17.87315734281765,-41.90890153085745,17034.129904849997,-3.02
2020-09-26,8371.34,8496.0,8395.16,8434.96,267.31433332,0.39,8336.799784755196,8344.094842810484,52.401313061002845,-7.295058055287882,-34.98613283574354,17301.444238169996,1.57
2020-09-27,8328.53,8480.0,8432.16,8447.46,303.32525785,0.15,8353.824433254396,8351.75152112082,52.72007138711394,2.0729121335771197,-27.57432384187941,17604.769496019995,1.75
2020-09-28,8290.1,8572.0,8456.48,8320.22,730.97343015,-1.51,8348.654520446027,8349.415852889648,49.11449594345702,-0.7613324436206312,-22.211725562227656,16873.796065869996,-4.15
2020-09-29,8290.87,8452.0,8319.27,8439.59,667.60851568,1.43,8362.644594223562,8356.095419342266,52.40325507766756,6.549174881296494,-16.459545473522827,17541.404581549996,3.96
2020-09-30,8288.0,8443.91,8436.01,8366.0,597.83342863,-0.87,8363.16081049686,8356.82909198358,50.24720812173109,6.331718513280066,-11.90129267616225,16943.571152919994,-3.41
2020-10-01,8118.92,8499.0,8366.0,8259.18,844.11856077,-1.28,8347.163762728112,8349.595825910723,47.210802496424314,-2.4320631826103636,-10.007446777451872,16099.452592149994,-4.98
2020-10-02,8058.0,8301.98,8255.9,8184.47,641.6031601,-0.9,8322.133953077633,8337.36428325067,45.155528955094375,-15.230330173037146,-11.052023456568927,15457.849432049994,-3.99
2020-10-03,8125.74,8215.26,8183.06,8165.79,251.2455111,-0.23,8298.081037219536,8324.655077083955,44.63233743139248,-26.57403986441932,-14.156426738139006,15206.603920949994,-1.63
2020-10-04,8154.72,8289.0,8162.41,8270.86,210.5552609,1.29,8293.893185339606,8320.670256559219,48.26340360232928,-26.77707121961248,-16.680555634433702,15417.159181849995,1.38
2020-10-05,8228.01,8342.67,8274.36,8326.11,409.23640006,0.67,8298.849618364282,8321.073200517794,50.11598627358063,-22.223582153512325,-17.789160938249427,15826.395581909994,2.65
2020-10-06,8183.15,8330.0,8325.18,8248.85,551.09023225,-0.93,8291.15736938516,8315.723333812772,47.55177625781996,-24.565964427611107,-19.144521636121766,15275.305349659993,-3.48
2020-10-07,8213.34,8284.47,8247.19,8272.04,416.84218321,0.28,8288.216235633598,8312.487531308123,48.405101903085345,-24.27129567452539,-20.169876443802494,15692.147532869993,2.73
2020-10-08,8156.0,8488.6,8274.86,8462.71,622.38604554,2.3,8315.061430151505,8323.615121581595,54.90202016116406,-8.553691430090112,-17.846639441060017,16314.533578409993,3.97
2020-10-09,8382.0,8568.0,8460.18,8485.82,603.8807655,0.27,8341.331979358965,8335.630297760736,55.63127588422285,5.701681598229698,-13.136975233202074,16918.414343909993,3.7
2020-10-10,8472.31,8780.0,8486.61,8667.78,560.04036597,2.14,8391.554751765278,8360.233979408089,60.98130520114637,31.320772357188616,-4.245425715123936,17478.454709879992,3.31
2020-10-11,8656.17,8770.0,8671.38,8734.99,406.27611461,0.78,8444.390943801389,8387.993684637118,62.76716742099791,56.39725916427051,7.883111260754953,17884.73082448999,2.32
2020-10-12,8604.74,8968.0,8734.18,8821.59,918.15433715,0.99,8502.421567831945,8420.111930219555,64.99062211913738,82.30963761239036,22.76841653108204,18802.88516163999,5.13
2020-10-13,8735.0,8869.98,8825.45,8843.11,638.5933749,0.24,8554.835172780877,8451.445120573662,65.54131562913756,103.39005220721447,38.892743666308526,19441.47853653999,3.4
2020-10-14,8690.0,8886.49,8846.84,8798.01,597.610247,-0.51,8592.246684660742,8477.116593123761,63.2942848545873,115.13009153698113,54.140213240443046,18843.86828953999,-3.07
2020-10-15,8708.14,8999.0,8799.65,8927.33,568.89054662,1.47,8643.797963943705,8510.465734373853,66.80825295776626,133.33222956985264,69.97861650632497,19412.758836159992,3.02
2020-10-16,8696.0,8958.53,8927.33,8780.49,578.25572123,-1.64,8664.827507952366,8530.46753182764,59.80694606400637,134.35997612472602,82.85488843000519,18834.50311492999,-2.98
2020-10-17,8744.0,8848.0,8787.52,8816.58,268.5874437,0.41,8688.174045190464,8551.661047988557,60.89173376445207,136.51299720190764,93.58651018438569,19103.09055862999,1.43
2020-10-18,8805.4,8932.66,8819.89,8922.5,298.02314852,1.2,8724.224192084239,8579.130599989405,63.965612068537055,145.0935920948341,103.88792656647539,19401.113707149987,1.56
2020-10-19,8825.0,9108.0,8922.5,9084.49,723.33689123,1.82,8779.649700994356,8616.56462961982,68.09572480143754,163.0850713745367,115.72735552808766,20124.450598379986,3.73
2020-10-20,9036.0,9327.0,9085.57,9220.68,873.66561359,1.5,8847.500516225993,8661.313916314648,71.09526975409763,186.18659991134518,129.81920440473917,20998.116211969987,4.34
2020-10-21,9202.01,10099.93,9216.82,9766.49,2127.27344137,5.92,8988.883513729686,8743.178811402451,79.4386094514058,245.70470232723528,152.9963039892384,23125.38965333999,10.13
2020-10-22,9685.56,10100.0,9766.2,9950.81,1275.8266607,1.89,9136.872203925119,8832.63297352079,81.39198891849979,304.23923040432965,183.24488927225667,24401.21631403999,5.52
2020-10-23,9780.07,9992.61,9939.89,9924.57,829.99934973,-0.26,9258.056480244331,8913.517197704434,80.22353395511452,344.5392825398976,215.50376792578487,23571.21696430999,-3.4
2020-10-24,9886.0,10101.95,9921.15,10070.82,401.79840557,1.47,9383.097021745203,8999.243331207808,81.79244617777583,383.85369053739487,249.17375244810688,23973.01536987999,1.7
2020-10-25,9916.0,10246.0,10074.29,10000.56,522.2187948,-0.7,9478.091326092095,9073.414936303527,78.56773269809014,404.6763897885685,280.27427991619925,23450.796575079992,-2.18
2020-10-26,9842.0,10200.0,10002.16,10056.75,770.30040752,0.56,9567.115737462542,9146.254570651414,79.27158196830769,420.861166811128,308.39165729518504,24221.096982599993,3.28
2020-10-27,10036.03,10617.55,10056.62,10554.66,1001.57614804,4.95,9719.045624006767,9250.580898751308,84.21764681083658,468.4647252554587,340.40627088723977,25222.673130639992,4.14
2020-10-28,9920.0,10654.0,10546.01,10240.21,1353.31742796,-2.98,9799.224758774955,9323.886758103063,72.45867221113525,475.3380006718926,367.39261684417033,23869.355702679994,-5.37
2020-10-29,10050.0,10580.0,10240.19,10420.39,815.136649,1.76,9894.788642040347,9405.109220465798,74.64339862808279,489.67942157454854,391.84997779024604,24684.492351679994,3.41
2020-10-30,10183.64,10573.87,10416.14,10499.27,808.93407883,0.76,9987.78577403414,9486.158167097961,75.55751714812489,501.6276069361793,413.8055036194327,25493.426430509993,3.28
2020-10-31,10382.49,10888.0,10502.76,10675.59,724.35463712,1.68,10093.60180879812,9574.264228794407,77.5093095022226,519.337580003712,434.9119188962886,26217.781067629992,2.84
2020-11-01,10565.0,10760.0,10666.0,10670.11,538.10661089,-0.05,10182.295376675333,9655.437989624452,77.30270174149153,526.8573870508808,453.3010125272071,25679.67445673999,-2.05
2020-11-02,10236.08,10730.0,10672.0,10519.65,967.19346477,-1.41,10234.19608795605,9719.453694096715,71.65508808940714,514.7423938593347,465.5892887936326,24712.48099196999,-3.77
2020-11-03,10314.83,10750.0,10515.26,10703.13,845.81221961,1.74,10306.339766732042,9792.318605645107,74.13655785551185,514.0211610869355,475.2756632522932,25558.293211579992,3.42
2020-11-04,10480.0,11000.0,10701.48,10930.03,975.01375129,2.12,10402.292110311728,9876.593523745469,76.83713506961378,525.6985865662591,485.3602479150864,26533.306962869992,3.81
2020-11-05,10902.78,12000.0,10936.0,11895.5,2517.71481092,8.83,10632.016401033,10026.142151616174,84.33327244402851,605.8742494168273,509.46304821543464,29051.02177378999,9.49
2020-11-06,11567.86,12185.7,11885.07,11884.8,1606.84059666,-0.09,10824.752339335617,10163.820510755717,84.00878369985946,660.9318285799,539.7568042883277,27444.18117712999,-5.53
2020-11-07,10860.0,11998.0,11885.29,11294.81,1665.00998766,-4.96,10897.068902514751,10247.597509958998,68.3843887198031,649.4713925557535,561.6997219418129,25779.17118946999,-6.07
2020-11-08,11212.0,11925.46,11286.34,11752.51,891.04096537,4.05,11028.67522520479,10359.072509221294,72.6362159743955,669.6027159834957,583.2803207501495,26670.212154839992,3.46
2020-11-09,11301.0,12048.0,11758.76,11667.27,1334.31309273,-0.73,11126.920575173284,10455.976027056753,70.72849156658683,670.9445481165312,600.8131662234259,25335.89906210999,-5.0
2020-11-10,11408.0,11740.0,11658.89,11553.28,742.39702839,-0.98,11192.514332838933,10537.257802830327,68.15074035847415,655.2565300086062,611.7018389804621,24593.50203371999,-2.93
2020-11-11,11534.65,12108.0,11548.13,11892.0,1202.3941601,2.93,11300.127512402174,10637.609076694747,71.47730475591113,662.5184357074268,621.8651583258551,25795.89619381999,4.89
2020-11-12,11713.49,12500.0,11894.04,12443.42,1346.01213333,4.64,11476.0186643403,10771.372848791432,75.89185741660864,704.6458155488672,638.4212897704575,27141.90832714999,5.22
2020-11-13,12160.0,12587.52,12450.7,12403.85,906.36546131,-0.32,11618.761946749484,10892.297082214289,74.99485047588536,726.4648645351954,656.0300047234051,26235.54286583999,-3.34
2020-11-14,11950.0,12403.85,12403.58,12208.69,770.70879167,-1.57,11709.520108788025,10989.807668716934,70.56490073686525,719.7124400710909,668.7664917929422,25464.83407416999,-2.94
2020-11-15,12000.02,12280.65,12212.87,12100.01,537.23367028,-0.89,11769.595476666791,11072.044878441606,68.15065811388402,697.5505982251852,674.523313079391,24927.600403889992,-2.11
2020-11-16,12050.0,12805.0,12100.0,12661.9,961.60680734,4.64,11906.873095641131,11189.811924482969,73.24692577177083,717.0611711581623,683.0308846951453,25889.20721122999,3.86
2020-11-17,12560.0,13500.0,12665.68,13366.96,1949.06620359,5.57,12131.50185015788,11351.082152299045,78.0032346069337,780.4196978588352,702.5086473278833,27838.27341481999,7.53
2020-11-18,12986.0,13942.0,13355.05,13434.14,2478.22985171,0.5,12331.907719364359,11505.382733610226,78.39733091920867,826.524985754133,727.3119150131332,30316.503266529988,8.9
2020-11-19,13142.03,13760.0,13426.22,13466.43,1244.75192072,0.24,12506.44960869292,11650.645494083543,78.59582826496273,855.8041146093765,753.0103549323819,31561.255187249986,4.11
2020-11-20,13426.0,14193.9,13461.59,14078.74,1472.18314595,4.55,12748.340438124778,11830.504346373651,81.97762370824859,917.8360917511272,785.975502296131,33033.438333199985,4.66
2020-11-21,13869.48,14284.0,14080.63,14109.79,1040.3213822,0.22,12957.794216874812,11999.340320716343,82.13179544298924,958.4538961584694,820.4711810685988,34073.75971539999,3.15
2020-11-22,13277.0,14141.99,14109.79,13898.39,1497.234268,-1.5,13102.501260432535,12140.010667329947,77.2843563378463,962.4905931025878,848.8750634753967,32576.52544739999,-4.39
2020-11-23,13547.0,14080.0,13898.06,13820.39,962.58504461,-0.56,13212.945681904454,12264.48321049069,75.51343379001361,948.4624714137626,868.7925450630698,31613.940402789987,-2.95
2020-11-24,13618.0,14600.0,13805.42,14371.39,1692.37047338,3.99,13391.167884688384,12420.550380083972,79.14831917594151,970.6175046044118,889.1575369713383,33306.310876169984,5.35
2020-11-25,13856.0,14628.0,14379.02,14008.52,1233.33063404,-2.52,13486.145133197864,12538.177759337012,71.60927544471382,947.9673738608526,900.9195043492413,32072.980242129983,-3.7
2020-11-26,12093.0,14126.0,14000.0,12849.42,3988.38221658,-8.27,13388.187420398193,12561.232740126863,53.93628261273554,826.9546802713303,886.1265395336591,28084.59802554998,-12.44
2020-11-27,12344.0,13090.0,12851.01,12893.99,1110.46896517,0.35,13312.15704802924,12585.881426043392,54.402287306695186,726.2756219858475,854.1563560240968,29195.06699071998,3.95
2020-11-28,12700.0,13473.42,12893.99,13345.91,1048.58519137,3.5,13317.349809870895,12642.179838929065,58.93827727374241,675.1699709418299,818.3590790076435,30243.65218208998,3.59
2020-11-29,13204.0,13783.98,13348.2,13672.08,790.19943239,2.44,13371.923685275373,12718.468739749134,61.88533265023988,653.4549455262386,785.3782523113625,31033.85161447998,2.61
2020-11-30,13672.08,14867.0,13672.08,14758.03,1961.61311914,7.94,13585.170810617623,12869.547351619569,69.68618739766534,715.623458998054,771.4272936487008,32995.46473361998,6.32
2020-12-01,13600.0,14932.0,14758.62,14000.0,2339.3536562,-5.14,13648.99068590722,12953.284584832934,60.3942384613792,695.7061010742855,756.2830551338178,30656.111077419977,-7.09
2020-12-02,13688.0,14488.0,14000.52,14392.99,889.02073469,2.81,13763.45211884457,13059.929430400865,63.1384259238037,703.5226884437052,745.7309817957954,31545.131812109976,2.9
2020-12-03,14124.0,14550.0,14374.73,14470.57,685.93820332,0.54,13872.239485176175,13164.421324445246,63.6735218707885,707.8181607309289,738.1484175828222,32231.070015429978,2.17
2020-12-04,13863.78,14532.0,14477.63,13923.75,998.95857799,-3.78,13880.164179764455,13220.667893004857,57.35378275728404,659.4962867595987,722.4179914181775,31232.111437439977,-3.1
2020-12-05,13800.0,14309.09,13912.79,14265.49,401.7399985,2.45,13939.445075185307,13298.062123152646,60.024167875459575,641.3829520326617,706.2109835410744,31633.851435939978,1.29
2020-12-06,14065.0,14487.82,14271.11,14430.19,520.11504006,1.15,14014.944294387567,13381.92344736356,61.28246597389591,633.0208470240068,691.572956237661,32153.96647599998,1.64
2020-12-07,14163.0,14548.67,14439.03,14381.01,592.17457115,-0.34,14071.262095251019,13455.929858669964,60.66838160049992,615.3322365810545,676.3248123063397,31561.79190484998,-1.84
2020-12-08,13598.0,14470.0,14384.54,13728.0,1066.56818489,-4.54,14018.452542135477,13476.08320247219,53.06485934220776,542.369339663288,649.5337177777294,30495.22371995998,-3.38
2020-12-09,13163.88,13978.59,13728.0,13895.47,1716.59934643,1.22,13999.53215103771,13507.148891177952,54.635128038474434,492.38325985975825,618.1036261941352,32211.82306638998,5.63
2020-12-10,13485.0,13906.0,13894.06,13747.18,695.57275632,-1.07,13960.708743185754,13524.928973312919,52.94597752907814,435.77976987283546,581.6388549298753,31516.25031006998,-2.16
2020-12-11,13320.94,13764.0,13747.18,13647.0,945.51776724,-0.73,13912.445859618714,13533.971271586035,51.78125414800715,378.4745880326791,541.006001550436,30570.73254282998,-3.0
2020-12-12,13644.01,14352.6,13646.23,14238.13,670.04311143,4.33,13962.551111985067,13586.131177394478,57.69506597312681,376.41993459058904,508.0887881584667,31240.775654259982,2.19
2020-12-13,14192.0,14671.98,14247.65,14381.37,758.51230804,1.01,14026.984787064288,13645.03775684674,59.00704476435326,381.9470302175487,482.86043657028307,31999.287962299983,2.43
2020-12-14,14200.01,14520.0,14381.93,14461.9,549.61012729,0.56,14093.894819823628,13705.546071154387,59.76256166986261,388.3487486692411,463.9580989900747,32548.898089589984,1.72
2020-12-15,14297.38,14662.0,14466.28,14472.1,552.00290199,0.07,14152.080232158454,13762.32784366147,59.86346418693866,389.7523884969851,449.1169568914568,33100.90099157998,1.7
2020-12-16,14372.0,15955.21,14460.27,15812.1,1825.17118986,9.26,14407.467888749461,13914.162818205064,70.37416342191626,493.3050705443966,457.95457962204483,34926.07218143998,5.51
2020-12-17,15728.87,17674.95,15799.4,16776.0,2931.0953228,6.1,14771.857444326466,14126.150757597281,75.37057170209548,645.7066867291851,495.50500104347293,37857.16750423998,8.39
2020-12-18,16549.47,17198.0,16801.99,17132.58,1018.28149864,2.13,15135.045529814703,14348.849219997483,76.92120835953352,786.19630981722,553.6432627982224,38875.44900287998,2.69
2020-12-19,16894.59,18000.0,17148.95,17706.14,1192.99100319,3.35,15530.598525227826,14597.537425923596,79.19065833969637,933.0610993042301,629.5268300994239,40068.44000606998,3.07
2020-12-20,17160.0,18050.17,17708.51,17550.43,1064.92374267,-0.88,15841.341829038929,14816.270209188515,76.97759314137566,1025.0716198504142,708.6357880496221,39003.51626339998,-2.66
2020-12-21,16543.23,18130.0,17548.98,16918.59,1861.15119613,-3.6,16007.072316879094,14971.997601100476,68.59999310528269,1035.0747157786172,773.9235735954212,37142.36506726998,-4.77
2020-12-22,16668.92,17802.0,16924.32,17798.35,1214.00968788,5.2,16282.653498897693,15181.357038055996,73.00529485587131,1101.296460841697,839.3981510446764,38356.374755149984,3.27
2020-12-23,16838.89,17955.0,17798.35,17237.95,1581.38932001,-3.15,16429.62219137497,15333.697257459255,66.59596756477283,1095.924933915714,890.7035076188839,36774.985435139984,-4.12
2020-12-24,16789.0,17560.0,17219.78,17525.24,952.00342094,1.67,16598.17877731728,15496.033756906716,68.1401848443156,1102.145020410564,932.9918101772199,37726.98885607998,2.59
2020-12-25,17312.0,18262.0,17508.39,18205.92,1105.4668804,3.88,16845.52358080693,15696.766071209922,71.50170384711748,1148.7575095970078,976.1449500611775,38832.455736479984,2.93
2020-12-26,18080.0,19798.0,18188.18,19487.43,1728.41486283,7.04,17251.97072222125,15977.555991861038,76.52378846243528,1274.4147303602113,1035.7989061209842,40560.87059930999,4.45
2020-12-27,18978.0,20948.01,19491.71,19337.68,3358.59438088,-0.77,17572.84907264875,16226.454066538,74.86357022586697,1346.3950061107516,1097.9181261189378,37202.276218429986,-8.28
2020-12-28,19222.0,20342.0,19329.47,20080.9,1500.71129626,3.84,17958.70306147202,16511.968580127777,77.47548717911008,1446.7344813442432,1167.681397163999,38702.98751468999,4.03
2020-12-29,19204.0,20296.0,20081.2,20253.1,1406.46910608,0.86,18311.68720586094,16789.089426044236,78.04472672140844,1522.5977798167041,1238.66467369454,40109.45662076999,3.63
2020-12-30,20100.0,21290.0,20279.87,21182.24,1842.57388541,4.59,18753.310712651564,17114.507987077995,80.8560111118258,1638.8027255735688,1318.6922840703457,41952.03050617999,4.59
2020-12-31,20537.65,21495.0,21188.41,21197.64,1516.57293685,0.07,19129.36137224363,17416.962210257403,80.8996658257684,1712.3991619862281,1397.4336596535222,43468.60344302999,3.62
2021-01-01,21032.37,21650.0,21193.12,21526.06,744.21278915,1.55,19498.084238052303,17721.33982431241,81.85019247279021,1776.7444137398925,1473.2958104707964,44212.81623217999,1.71
2021-01-02,21300.0,24460.51,21530.38,23428.0,3253.52716625,8.84,20102.68666296733,18144.055392881863,86.14906313774796,1958.6312700854687,1570.362902393731,47466.34339842999,7.36
